{
  "system": "Al4_2minus",
  "method": "CCSD",
  "basis": "def2-tzvp",
  "calculation_date": "2026-04-14T19:55:50.717577",
  "wall_time_seconds": 1033.86119222641,
  "n_atoms": 4,
  "n_electrons": 54,
  "n_frozen": 4,
  "n_corr": 46,
  "n_ao": 148,
  "M_corr_orbitals": 148,
  "M_fractional": 84,
  "M_fractional_pct": 56.75675675675676,
  "E_HF": -967.510321322724,
  "E_CCSD": -968.327411136888,
  "E_corr": -0.8170898141639253,
  "HOMO_LUMO_gap": 0.21662346964366969,
  "T1_diagnostic": 0.011527877589484536,
  "N_D": 2.9210697205484206,
  "f_e": 0.0635015156640961,
  "S_E_max": 0.23971091635726255,
  "natural_occupations": [
    2.0,
    2.0,
    2.0,
    2.0,
    1.9980895393658122,
    1.9980889352305884,
    1.998088935230587,
    1.9980887445484106,
    1.9955865509093327,
    1.9955815678150144,
    1.9955815678150126,
    1.9955762197842215,
    1.9955344473284677,
    1.9955273852374305,
    1.9955273852374302,
    1.995521339650869,
    1.9955116609415953,
    1.9955112886314332,
    1.9955112886314315,
    1.9955086999244436,
    1.9504978974507228,
    1.9250077209687853,
    1.9250077209687804,
    1.8846514393157947,
    1.8765019597649337,
    1.8709755520157467,
    1.8705981999320895,
    0.0972054755227971,
    0.09720547552279601,
    0.06557685399681602,
    0.06557685399681482,
    0.03829708084665484,
    0.038297080846652974,
    0.02625922378532847,
    0.023735585333605244,
    0.020533444176109396,
    0.02014332768537552,
    0.01982347965053299,
    0.01725229142343262,
    0.01722867937194892,
    0.015615129519089974,
    0.01097077956435299,
    0.008826040127079089,
    0.00882604012707907,
    0.008636639222348277,
    0.008636639222347956,
    0.007381935257836368,
    0.007381935257835761,
    0.007204889205769461,
    0.006777833563506377,
    0.0051442136943168,
    0.0051442136943165365,
    0.005020005030432044,
    0.00502000503043181,
    0.004819996452618505,
    0.004819996452618193,
    0.004175711735945764,
    0.004026001720689395,
    0.003779156488723778,
    0.003695134943460343,
    0.0033716994682722596,
    0.0033020174905872618,
    0.003302017490587063,
    0.003207922078525272,
    0.0032079220785252286,
    0.0029632932151140326,
    0.0027660033634804497,
    0.0024586041214948603,
    0.0023511885372743185,
    0.002297618889426108,
    0.0022976188894259686,
    0.001954912581718186,
    0.0018562163525116353,
    0.0017762498926597071,
    0.0017564727207221855,
    0.0017299902163758168,
    0.00153987323618891,
    0.0015398732361888298,
    0.001455768177966782,
    0.0014557681779667454,
    0.001325214741966901,
    0.0013190400144084406,
    0.0012283017994318265,
    0.0012283017994318202,
    0.0011242843482745814,
    0.0011054891326616775,
    0.0010883233409976119,
    0.0010691481988373598,
    0.0008409523996068789,
    0.0008409523996067402,
    0.0007845548084976297,
    0.0007845548084976294,
    0.0007589896079048518,
    0.0007315295061332701,
    0.0007315295061332019,
    0.0007095808454275533,
    0.00060474913259058,
    0.0006047491325905745,
    0.0005195474692212406,
    0.000519547469221198,
    0.000517741861358998,
    0.0004935616029203642,
    0.0004865395780450094,
    0.0004801176719437961,
    0.00047512202566295106,
    0.00047512202566292835,
    0.00044137607410455035,
    0.00044137607410452915,
    0.000434144952764122,
    0.00036995629772725383,
    0.0003349844571823471,
    0.00032005866211556975,
    0.0003165765944830929,
    0.00031657659448302693,
    0.00029269334682401835,
    0.0002926933468240134,
    0.0002787007309360692,
    0.00024078830558442628,
    0.0002264439699595897,
    0.00021176418855279637,
    0.00019768653166232173,
    0.00017587612886218763,
    0.00017587612886218448,
    0.00016292777401144708,
    0.00016184406990318615,
    0.00016184406990312885,
    0.00014841343491745436,
    0.0001263476064231963,
    0.00012434882587382734,
    0.00012203161362583235,
    0.00012203161362583162,
    0.00012079138333877154,
    0.00011520748175329894,
    0.00010439634018277357,
    0.00010439634018276253,
    0.00010088292724848294,
    0.00010088292724848195,
    8.066278942294792e-05,
    8.024421328068272e-05,
    7.4776980702146e-05,
    7.477698070213916e-05,
    5.474203769955776e-05,
    5.378183115713788e-05,
    4.6408602246443545e-05,
    4.640860224643622e-05,
    4.369652968319949e-05,
    3.1847846632054436e-05,
    1.6964182316749007e-05
  ],