{
  "system": "C6H6_benzene",
  "method": "CCSD",
  "basis": "def2-tzvp",
  "calculation_date": "2026-04-14T19:13:44.836567",
  "wall_time_seconds": 4185.929048061371,
  "n_atoms": 12,
  "n_electrons": 42,
  "n_frozen": 6,
  "n_corr": 30,
  "n_ao": 222,
  "M_corr_orbitals": 222,
  "M_fractional": 79,
  "M_fractional_pct": 35.585585585585584,
  "E_HF": -230.78371914424622,
  "E_CCSD": -231.7430138994145,
  "E_corr": -0.9592947551682885,
  "HOMO_LUMO_gap": 0.45984180302671834,
  "T1_diagnostic": 0.010323237671980692,
  "N_D": 2.664531155719284,
  "f_e": 0.08881770519064279,
  "S_E_max": 0.17693475349439497,
  "natural_occupations": [
    2.0,
    2.0,
    2.0,
    2.0,
    2.0,
    2.0,
    1.9773338748306855,
    1.9728141307810534,
    1.9728106171546838,
    1.9655967931440368,
    1.965590116814925,
    1.962066491679517,
    1.9598474733685176,
    1.9572363910317054,
    1.957229261615631,
    1.954995658103874,
    1.9521883099042892,
    1.9521871224548328,
    1.9421777940606886,
    1.9142826225718266,
    1.914276440450536,
    0.06595639472905296,
    0.0659511881588835,
    0.03484704068464612,
    0.025719824930256124,
    0.025718857560962614,
    0.025212751582545427,
    0.025209989428335564,
    0.024616819010890266,
    0.022180236601683407,
    0.020355236932314807,
    0.020346270442235952,
    0.01941397875233131,
    0.019404649674788273,
    0.016501578852821146,
    0.015240465700363652,
    0.012187597114220109,
    0.01189665544452941,
    0.010395263085093694,
    0.009938014103814508,
    0.009552112018978714,
    0.00940072221042075,
    0.009400204501641843,
    0.009172351247886736,
    0.009171837247896029,
    0.008291087610665243,
    0.00829050700796351,
    0.007672189707388607,
    0.006510860353654501,
    0.00651080402083622,
    0.00580650970251386,
    0.00580636856247815,
    0.004854324798260589,
    0.004853993636196146,
    0.004046840365026045,
    0.0040468079569458935,
    0.003867657508005052,
    0.0038671701544542663,
    0.003688393291755986,
    0.00361062428460845,
    0.0036103573938222064,
    0.0033306663271877456,
    0.003305141660721486,
    0.002879829784856386,
    0.0024905474573899103,
    0.002490532466574265,
    0.0021159058327487722,
    0.0021153773929652683,
    0.0020682128492559904,
    0.0019660896796936333,
    0.0019325396174176227,
    0.001932485328051459,
    0.0016840775428920074,
    0.001683856265014234,
    0.001474581964478167,
    0.0014539603966993832,
    0.0014539227653733396,
    0.0013531392163308336,
    0.001251635151729291,
    0.0012514800351308645,
    0.0011659018253915624,
    0.0011658639336210982,
    0.0011615770449062892,
    0.0010919067565135607,
    0.0010918706536756598,
    0.0009756063109042392,
    0.0009578995537289671,
    0.000957747250082923,
    0.0008676882511742512,
    0.0008623855996479199,
    0.0008070978676851483,
    0.0008070930399467372,
    0.0007829214821938285,
    0.0007827731601252855,
    0.0007194731377583337,
    0.0007193769976742362,
    0.000717644223062549,
    0.0007016055385794672,
    0.0006790490352716028,
    0.0006233535767754644,
    0.0006232910942855063,
    0.0006198073276084729,
    0.0006116912014684601,
    0.0005251083137803917,
    0.000525089094060974,
    0.000507975202595863,
    0.0004967045337533814,
    0.00048499540496751054,
    0.00042792919857597187,
    0.0004279225444552944,
    0.00042130286290491373,
    0.0004184492424118496,
    0.00041844379953058806,
    0.00041480185149638617,
    0.00041480108751446346,
    0.0003897141903517788,
    0.00038935096396862807,
    0.0003893506926143312,
    0.0003662138434391858,
    0.0003662083756645978,
    0.00033418093751460436,
    0.0003225911499913221,
    0.0002994165458312102,
    0.0002902109975042377,
    0.0002902043347586961,
    0.0002884187511615861,
    0.00028841366781266737,
    0.00025552479003155106,
    0.00024964842609632374,
    0.00024961188057039596,
    0.00023727423407212309,
    0.0002372703251912283,
    0.00023409962860326453,
    0.00023408441541498962,
    0.0002336533865378306,
    0.00023364425966081978,
    0.00023350089776907133,
    0.00022139636083354133,
    0.0002033613947714018,
    0.00020269152125686353,
    0.00020265475143852667,
    0.0002009351005000557,
    0.0002009309388893908,
    0.0001858509931623954,
    0.00018584309186785332,
    0.00018384873617036755,
    0.00017060228153133552,
    0.00016352777521762,
    0.0001633903390683628,
    0.0001633866228457185,
    0.0001538409347873434,
    0.00014450716939627326,
    0.00014448673352087705,
    0.0001407437024912966,
    0.00014072542587584914,
    0.0001344026993148568,
    0.00013439377390563165,
    0.00013337476956781725,
    0.00013337445344798878,
    0.00013019557991760905,
    0.00012613312282963766,
    0.00012610873257085336,
    0.00011974675594910842,
    0.0001044759056070632,
    9.841314190955275e-05,
    9.838606392500917e-05,
    8.823683015636192e-05,
    8.823503426032251e-05,
    8.401423868170293e-05,
    8.400290343335212e-05,
    8.03521744501757e-05,
    8.035089226704676e-05,
    7.83045626922156e-05,
    7.458166733499032e-05,
    7.412723284358127e-05,
    7.192230530882653e-05,
    6.393966235782644e-05,
    6.393805623135937e-05,
    6.32502281422104e-05,
    5.673351133184859e-05,
    5.6732790951790756e-05,
    5.57068230387377e-05,
    5.570401862775751e-05,
    5.480516397698864e-05,
    5.249800101008593e-05,
    4.790836518013347e-05,
    4.7907979159875685e-05,
    4.0462593890782946e-05,
    3.787222067895658e-05,
    3.7869696038393445e-05,
    3.6299137961226386e-05,
    3.623239500738055e-05,
    3.622789112356224e-05,
    3.3724897068552516e-05,
    3.37243472904762e-05,
    3.337102865865812e-05,
    3.336825490088008e-05,
    3.098684171575836e-05,
    2.8487286629559938e-05,
    2.4428924875992402e-05,
    2.4423577648003306e-05,
    2.325944003737739e-05,
    2.2357012851690516e-05,
    1.9837301363307264e-05,
    1.798173233593924e-05,
    1.797987609989785e-05,
    1.6252643367387895e-05,
    1.625075461622051e-05,
    1.59420564154739e-05,
    1.0178476628069494e-05,
    1.0168732018381896e-05,
    8.347306605726536e-06,
    7.54971551152483e-06,
    7.54427031874864e-06,
    6.951400411315091e-06,
    3.1758582493570426e-06,
    2.400158886419345e-06,
    2.1341708147506373e-06,
    2.134019457501095e-06,
    2.079755662508153e-06,
    2.0796890653737264e-06,
    1.5844566142633925e-06
  ],