{
  "system": "Al4_2minus",
  "n_electrons": 54,
  "n_atoms": 4,
  "n_frozen": 4,
  "basis": "def2-SVP",
  "E_HF": -966.9563814251482,
  "E_CCSD": -967.2567087732617,
  "E_corr": -0.3003273481135235,
  "eps_HOMO": 0.10713771584242676,
  "eps_LUMO": 0.2555966186493115,
  "O_MOS": 0.14845890280688473,
  "S_E_max": 0.5817845969359596,
  "F_bond": 0.04318555146552912,
  "natural_occupations": [
    2.0,
    2.0,
    2.0,
    2.0,
    1.999882356505122,
    1.9998823520049804,
    1.999881244775437,
    1.9998812261823171,
    1.9994707358707868,
    1.999470642690296,
    1.9994697168886064,
    1.9994686168191984,
    1.999390349987574,
    1.9993901056716668,
    1.9993891447085343,
    1.999388882168849,
    1.9993617242114192,
    1.999361653072764,
    1.9993615762742891,
    1.9993615100130773
  ],
  "entropy_values": [
    0.0,
    0.0,
    0.0,
    0.0,
    0.0006318025955073177,
    0.0006318245132691141,
    0.0006372146232598627,
    0.0006373050923207508,
    0.0024444163850509924,
    0.002444800140396166,
    0.0024486125247242005,
    0.0024531414800708466,
    0.0027725725047479197,
    0.0027735614060496903,
    0.002777450558091572,
    0.0027785129613217435,
    0.002888111039575427,
    0.0028883973553170492,
    0.0028887064460021176,
    0.002888973123670122
  ],
  "homo_no_idx": 20,
  "lumo_no_idx": 27,
  "max_memory_mb": 120000
}