{
  "system": "B12_icosahedral",
  "n_electrons": 60,
  "n_atoms": 12,
  "n_frozen": 0,
  "basis": "def2-SVP",
  "E_HF": -295.3144724926612,
  "E_CCSD": -296.5213901692675,
  "E_corr": -1.2069176766062761,
  "eps_HOMO": -0.1732035659661859,
  "eps_LUMO": -0.0038403669401742523,
  "O_MOS": 0.16936319902601166,
  "S_E_max": 0.584369579181518,
  "F_bond": 0.04948535067183305,
  "natural_occupations": [
    1.9997129954180697,
    1.9997079713825154,
    1.9997065807689134,
    1.9997026664758801,
    1.9996965533142663,
    1.9996939805019622,
    1.99969150927399,
    1.9996906930254257,
    1.999689590129578,
    1.9996884079130142,
    1.999682185993741,
    1.9996816999293843,
    1.9778778492712281,
    1.9681201737476972,
    1.9678351204377633,
    1.967577099434653,
    1.951792186712591,
    1.9498933342421358,
    1.9490954927252209,
    1.94834245414578
  ],
  "entropy_values": [
    0.0014133666637049232,
    0.0014355736868214464,
    0.001441712746907931,
    0.001458975301659146,
    0.0014858837359850352,
    0.001497190052335195,
    0.0015080397667261978,
    0.0015116212571564757,
    0.0015164587722148093,
    0.0015216420274072621,
    0.0015488843499563377,
    0.0015510099745361142,
    0.060822331670812725,
    0.08178636185773525,
    0.0823733337753943,
    0.08290353447013299,
    0.11360728916570162,
    0.11710217912106376,
    0.11855953709182285,
    0.11992916955132364
  ],
  "homo_no_idx": 12,
  "lumo_no_idx": 30,
  "max_memory_mb": 120000
}