{
  "system": "B12_planar",
  "n_electrons": 60,
  "n_atoms": 12,
  "n_frozen": 0,
  "basis": "def2-SVP",
  "E_HF": -295.523206967693,
  "E_CCSD": -296.5886979641117,
  "E_corr": -1.0654909964186792,
  "eps_HOMO": -0.3275013761511425,
  "eps_LUMO": -0.024211050722656103,
  "O_MOS": 0.3032903254284864,
  "S_E_max": 0.6000099141051762,
  "F_bond": 0.09098860105463853,
  "natural_occupations": [
    1.9997991719389159,
    1.9997985383883923,
    1.9997985383441714,
    1.9997532024873588,
    1.9997532023706557,
    1.999751732933644,
    1.9997441632705046,
    1.9997403903607933,
    1.9997403902173305,
    1.999685371588538,
    1.9996728157993007,
    1.9996728157808963,
    1.9738869221908848,
    1.9685864458014686,
    1.9685864379488827,
    1.9575235617157407,
    1.9575235570060758,
    1.9562484827931463,
    1.9462011134255193,
    1.9436950149140197
  ],
  "entropy_values": [
    0.001024841501830887,
    0.0010277572699748526,
    0.0010277574734561623,
    0.001233990996537967,
    0.0012339915216998884,
    0.0012406017798067973,
    0.0012745855337213433,
    0.0012914818528459262,
    0.0012914824947952129,
    0.0015349440886142656,
    0.001589796639548782,
    0.0015897967197732454,
    0.06961628168914663,
    0.08082343358344041,
    0.08082344982977883,
    0.10281969483307538,
    0.10281970385322779,
    0.1052520984379763,
    0.1237933286665829,
    0.12826019842260086
  ],
  "homo_no_idx": 12,
  "lumo_no_idx": 30,
  "max_memory_mb": 120000
}