{
  "system": "C6H6_benzene",
  "n_electrons": 42,
  "n_atoms": 12,
  "n_frozen": 0,
  "basis": "def2-SVP",
  "E_HF": -230.53585129871146,
  "E_CCSD": -231.37259830654236,
  "E_corr": -0.8367470078308925,
  "eps_HOMO": -0.3375353269944658,
  "eps_LUMO": 0.13360046868718634,
  "O_MOS": 0.47113579568165215,
  "S_E_max": 0.6173503652356225,
  "F_bond": 0.14542792776982177,
  "natural_occupations": [
    1.9998090592090298,
    1.9998066502149654,
    1.9998066328170543,
    1.9997990369386753,
    1.9997990171929751,
    1.999795279653255,
    1.9803057802364512,
    1.9754743298501931,
    1.9754715401847704,
    1.9682812199551123,
    1.9682776803846178,
    1.966103056382544,
    1.9621230522725104,
    1.9606576493693384,
    1.960652271423252,
    1.959047825279113,
    1.955455260160882,
    1.9554546549021723,
    1.9473361084061083,
    1.916471344230504
  ],
  "entropy_values": [
    0.0009792061088508017,
    0.0009903480875216432,
    0.0009904285007986688,
    0.00102546289255668,
    0.0010255537759626214,
    0.0010427391627917055,
    0.05529779936074375,
    0.06615830785893972,
    0.06616442948108862,
    0.08145416928949745,
    0.08146147487510097,
    0.08591273724058682,
    0.09387858659586519,
    0.09675661345826764,
    0.09676712375026986,
    0.0998862220269377,
    0.1067556693981566,
    0.1067568139052416,
    0.12175073674259422,
    0.17351130359397826
  ],
  "homo_no_idx": 7,
  "lumo_no_idx": 21,
  "max_memory_mb": 120000
}