{
  "system": "Al4_2minus",
  "n_electrons": 54,
  "n_atoms": 4,
  "n_frozen": 4,
  "basis": "def2-SVP",
  "E_HF": -966.9563814251516,
  "E_CCSD": -967.2567087707451,
  "E_corr": -0.300327345593531,
  "eps_HOMO": 0.10713773275936292,
  "eps_LUMO": 0.25559657188244045,
  "O_MOS": 0.14845883912307753,
  "S_E_max": 0.5817845890023432,
  "F_bond": 0.04318553235149233,
  "natural_occupations": [
    2.0,
    2.0,
    2.0,
    2.0,
    1.9998823565060873,
    1.9998823520059517,
    1.999881244773942,
    1.9998812261807857,
    1.9994707358741168,
    1.9994706426926927,
    1.9994697168867779,
    1.9994686168181786,
    1.99939034999008,
    1.999390105673986,
    1.9993891447038197,
    1.9993888821641028,
    1.999361724211628,
    1.9993616530744023,
    1.9993615762714878,
    1.9993615100117006
  ],
  "entropy_values": [
    0.0,
    0.0,
    0.0,
    0.0,
    0.0006318025908062042,
    0.0006318245085388195,
    0.0006372146305343125,
    0.000637305099772269,
    0.002444416371336533,
    0.002444800130525478,
    0.0024486125322531857,
    0.0024531414842690158,
    0.002772572494604317,
    0.0027735613966624237,
    0.002777450577170657,
    0.002778512980527403,
    0.0028881110387353665,
    0.002888397348723557,
    0.0028887064572764793,
    0.0028889731292107168
  ],
  "homo_no_idx": 20,
  "lumo_no_idx": 27,
  "max_memory_mb": 121024
}