{
  "system": "Al4_4minus",
  "n_electrons": 56,
  "n_atoms": 4,
  "n_frozen": 4,
  "basis": "def2-SVP",
  "E_HF": -966.3269320314797,
  "E_CCSD": -966.6791429260046,
  "E_corr": -0.35221089452485077,
  "eps_HOMO": 0.3831925070430544,
  "eps_LUMO": 0.48237886716804923,
  "O_MOS": 0.09918636012499482,
  "S_E_max": 0.5755400450687838,
  "F_bond": 0.028542861088274068,
  "natural_occupations": [
    2.0,
    2.0,
    2.0,
    2.0,
    1.9998684213914748,
    1.999868363002894,
    1.999868326318927,
    1.9998683083453177,
    1.9994546539642286,
    1.9994545642139876,
    1.999453640051936,
    1.9994535788346248,
    1.99939884285368,
    1.9993985314845584,
    1.9993984543366896,
    1.9993983552135994,
    1.999396958101405,
    1.9993969170844572,
    1.999396772176692,
    1.9993965166916787
  ],
  "entropy_values": [
    0.0,
    0.0,
    0.0,
    0.0,
    0.000699275856232164,
    0.0006995569612124916,
    0.0006997335652483222,
    0.000699820091972827,
    0.0025105279797698575,
    0.0025108962645976605,
    0.0025146880797636043,
    0.0025149392253280426,
    0.0027381659173234887,
    0.002739428401060896,
    0.0027397411939555955,
    0.002740143077227752,
    0.0027458066411322453,
    0.002745972889701942,
    0.0027465602140093926,
    0.002747595675522676
  ],
  "homo_no_idx": 20,
  "lumo_no_idx": 28,
  "max_memory_mb": 121024
}