{
  "system": "B12_icosahedral",
  "n_electrons": 60,
  "n_atoms": 12,
  "n_frozen": 12,
  "basis": "def2-SVP",
  "E_HF": -295.3146626589143,
  "E_CCSD": -296.4875727284408,
  "E_corr": -1.1729100695264916,
  "eps_HOMO": -0.17349401043275803,
  "eps_LUMO": -0.00316289789010754,
  "O_MOS": 0.1703311125426505,
  "S_E_max": 0.5844883358776635,
  "F_bond": 0.049778274259122395,
  "natural_occupations": [
    2.0,
    2.0,
    2.0,
    2.0,
    2.0,
    2.0,
    2.0,
    2.0,
    2.0,
    2.0,
    2.0,
    2.0,
    1.9778704088818373,
    1.967956720675404,
    1.9679566744259045,
    1.9675108649479973,
    1.9505684473757539,
    1.9505680923377904,
    1.9491815244845452,
    1.9480574480112918
  ],
  "entropy_values": [
    0.0,
    0.0,
    0.0,
    0.0,
    0.0,
    0.0,
    0.0,
    0.0,
    0.0,
    0.0,
    0.0,
    0.0,
    0.060839046618396064,
    0.08212309643539206,
    0.08212319165531594,
    0.08303946934951714,
    0.1158639148925637,
    0.11586456732514838,
    0.11840269961161123,
    0.12044606683587435
  ],
  "homo_no_idx": 12,
  "lumo_no_idx": 30,
  "max_memory_mb": 121024
}