{
  "system": "B12_planar",
  "n_electrons": 60,
  "n_atoms": 12,
  "n_frozen": 12,
  "basis": "def2-SVP",
  "E_HF": -295.52320696769254,
  "E_CCSD": -296.5598436075126,
  "E_corr": -1.036636639820084,
  "eps_HOMO": -0.3275013761511373,
  "eps_LUMO": -0.024211050722664797,
  "O_MOS": 0.3032903254284725,
  "S_E_max": 0.6000099141051746,
  "F_bond": 0.09098860105463412,
  "natural_occupations": [
    2.0,
    2.0,
    2.0,
    2.0,
    2.0,
    2.0,
    2.0,
    2.0,
    2.0,
    2.0,
    2.0,
    2.0,
    1.973857406389924,
    1.968537240952261,
    1.9685372330718696,
    1.9574185225987046,
    1.9574185178601287,
    1.9561574628698877,
    1.946057458822413,
    1.9435070976595
  ],
  "entropy_values": [
    0.0,
    0.0,
    0.0,
    0.0,
    0.0,
    0.0,
    0.0,
    0.0,
    0.0,
    0.0,
    0.0,
    0.0,
    0.06968010593788905,
    0.08092521470695078,
    0.08092523100455111,
    0.10302080397040538,
    0.1030208130399507,
    0.10542499964992261,
    0.12405097398771536,
    0.12859279766056317
  ],
  "homo_no_idx": 12,
  "lumo_no_idx": 30,
  "max_memory_mb": 121024
}