{
  "system": "B6N6_planar",
  "n_electrons": 72,
  "n_atoms": 12,
  "n_frozen": 12,
  "basis": "def2-SVP",
  "E_HF": -473.4453456747252,
  "E_CCSD": -474.9743264732173,
  "E_corr": -1.5289807984920607,
  "eps_HOMO": -0.3538726043004692,
  "eps_LUMO": -0.04952387170246706,
  "O_MOS": 0.3043487325980021,
  "S_E_max": 0.600127137345562,
  "F_bond": 0.09132396682439446,
  "natural_occupations": [
    2.0,
    2.0,
    2.0,
    2.0,
    2.0,
    2.0,
    2.0,
    2.0,
    2.0,
    2.0,
    2.0,
    2.0,
    1.9819042628702939,
    1.9797827681816793,
    1.979782767308759,
    1.972606709732329,
    1.9726067093762862,
    1.972303397774658,
    1.9644113068592468,
    1.961069356524192
  ],
  "entropy_values": [
    0.0,
    0.0,
    0.0,
    0.0,
    0.0,
    0.0,
    0.0,
    0.0,
    0.0,
    0.0,
    0.0,
    0.0,
    0.05157907961100287,
    0.05650004376989749,
    0.05650004577072143,
    0.07236930017457315,
    0.0723693009359373,
    0.07301705626057088,
    0.08932626847206589,
    0.095950884159679
  ],
  "homo_no_idx": 13,
  "lumo_no_idx": 36,
  "max_memory_mb": 121024
}