{
  "system": "C6H6_benzene",
  "n_electrons": 42,
  "n_atoms": 12,
  "n_frozen": 6,
  "basis": "def2-SVP",
  "E_HF": -230.53585129871004,
  "E_CCSD": -231.35627601797142,
  "E_corr": -0.8204247192613727,
  "eps_HOMO": -0.33753532699446426,
  "eps_LUMO": 0.13360046868717818,
  "O_MOS": 0.47113579568164243,
  "S_E_max": 0.6173503652356216,
  "F_bond": 0.14542792776981858,
  "natural_occupations": [
    2.0,
    2.0,
    2.0,
    2.0,
    2.0,
    2.0,
    1.9802779898815102,
    1.9754386084849795,
    1.9754358105751855,
    1.9682356348610333,
    1.9682320832163742,
    1.966073256056886,
    1.9620683884818617,
    1.960620798251781,
    1.9606154125319903,
    1.959001227195154,
    1.9554080305709562,
    1.9554074274665971,
    1.9472676209740063,
    1.9163154562495948
  ],
  "entropy_values": [
    0.0,
    0.0,
    0.0,
    0.0,
    0.0,
    0.0,
    0.05536185570001509,
    0.06623668243732535,
    0.06624282008936623,
    0.08154824044944499,
    0.08155556836417925,
    0.08597323245066638,
    0.09398645750981233,
    0.0968286252603535,
    0.09683914817287949,
    0.09997632474155319,
    0.10684496501925876,
    0.10684610512576712,
    0.12187434354604937,
    0.17375543024737009
  ],
  "homo_no_idx": 7,
  "lumo_no_idx": 21,
  "max_memory_mb": 121024
}