{
  "system": "Cs3Al8",
  "n_electrons": 132,
  "n_atoms": 11,
  "n_frozen": 8,
  "basis": "def2-SVP",
  "E_HF": -1994.2820163618167,
  "E_CCSD": -1995.1180339898333,
  "E_corr": -0.8360176280166374,
  "eps_HOMO": -0.027336154727127138,
  "eps_LUMO": 0.0616742562242485,
  "O_MOS": 0.08901041095137563,
  "S_E_max": 0.5742240645293082,
  "F_bond": 0.02555595998096148,
  "natural_occupations": [
    2.0,
    2.0,
    2.0,
    2.0,
    2.0,
    2.0,
    2.0,
    2.0,
    1.9998412314305511,
    1.9998382166605442,
    1.999808447933096,
    1.9997999021080857,
    1.9997997251910038,
    1.999798151575419,
    1.9997956308028546,
    1.9997955391915971,
    1.9993754860335275,
    1.9993738234282818,
    1.9993720440406473,
    1.9993617940878536
  ],
  "entropy_values": [
    0.0,
    0.0,
    0.0,
    0.0,
    0.0,
    0.0,
    0.0,
    0.0,
    0.000828864847183772,
    0.0008430820432287688,
    0.000982034788154131,
    0.0010214798290836486,
    0.0010222944711197502,
    0.0010295369962040747,
    0.001041126022141771,
    0.0010415469027310516,
    0.0028326479354648395,
    0.0028393565820336777,
    0.0028465340020885563,
    0.0028878298001039485
  ],
  "homo_no_idx": 52,
  "lumo_no_idx": 66,
  "max_memory_mb": 121024
}